{
  "selected_features": [
    "ndvi_max",
    "prec_mean",
    "prec_max",
    "prec_sum",
    "elevation",
    "ndvi_median",
    "evi_max",
    "ndvi_mean",
    "evi_median"
  ],
  "num_features": 9,
  "feature_selection_method": "MSFS",
  "model_type": "autosklearn",
  "training_results": {
    "train_accuracy": 0.97725,
    "train_precision": 0.986493374108053,
    "train_recall": 0.96775,
    "train_f1": 0.9770318021201414,
    "train_auc": 0.9972362187499999,
    "test_accuracy": 0.954,
    "test_precision": 0.9699792960662525,
    "test_recall": 0.937,
    "test_f1": 0.9532044760935912,
    "test_auc": 0.9919800000000001,
    "cv_accuracy_mean": 0.959,
    "cv_accuracy_std": 0.0037207190165342917
  },
  "created_at": "2025-10-29T00:53:03.037630"
}