{
  "selected_features": [
    "elevation",
    "ndvi_mean",
    "ndvi_median",
    "evi_median",
    "evi_max",
    "evi_mean",
    "ndvi_max",
    "lst_min",
    "lst_median",
    "lst_mean",
    "ndwi_mean"
  ],
  "num_features": 11,
  "feature_selection_method": "MSFS",
  "model_type": "autosklearn",
  "training_results": {
    "train_accuracy": 0.9008760951188987,
    "train_precision": 0.8876520838726378,
    "train_recall": 0.9054660681278056,
    "train_f1": 0.8964705882352941,
    "train_auc": 0.9681444610495817,
    "test_accuracy": 0.8681592039800995,
    "test_precision": 0.8810289389067524,
    "test_recall": 0.9035449299258038,
    "test_f1": 0.8921448921448922,
    "test_auc": 0.9473339325851994,
    "cv_accuracy_mean": 0.8403003754693368,
    "cv_accuracy_std": 0.008611272796880898
  },
  "created_at": "2025-11-06T23:01:58.405564"
}